"","ProbOfConsecutiveFlips","NumFlips","ActualData"
"1",0.5,1,0.49
"2",0.25,2,0.31
"3",0.125,3,0.12
"4",0.0625,4,0.03
"5",0.03125,5,0.05
"6",0.015625,6,0.02
"7",0.0078125,7,0.01
"8",0.00390625,8,0.01
